image,snr_db,semantic_psnr,semantic_ok,ldpc_psnr,ldpc_ok,semantic_header_psnr,semantic_header_ok,reencode_psnr,reencode_ok,latsmooth_psnr,latsmooth_ok,gradent_psnr,gradent_ok,tv_psnr,tv_ok,watermark,alpha
kodim01,-12.0,9.62245757171105,1,0.0,0,9.649734256598485,1,9.510381256349016,1,9.510381256349016,1,9.510381256349016,1,9.510381256349016,1,component,0.1
kodim01,-11.5,9.759296306073415,1,0.0,0,9.740513738530414,1,9.838958998015288,1,9.838958998015288,1,0.0,0,9.838958998015288,1,component,0.1
kodim01,-11.0,9.934600803804512,1,0.0,0,10.062913364297035,1,10.108796257325025,1,10.108796257325025,1,0.0,0,0.0,0,component,0.1
kodim01,-10.5,10.156253049487876,1,0.0,0,10.25983791066527,1,0.0,0,0.0,0,0.0,0,10.37372539726749,1,component,0.1
kodim01,-10.0,10.523386924590739,1,0.0,0,10.839270780147816,1,10.880017459358132,1,10.880017459358132,1,0.0,0,0.0,0,component,0.1
kodim01,-9.5,10.969006391529417,1,0.0,0,11.15794378176593,1,11.119225455527047,1,11.119225455527047,1,0.0,0,0.0,0,component,0.1
kodim01,-9.0,11.62958487773488,1,0.0,0,11.522463354297294,1,11.485316833511485,1,11.485316833511485,1,11.485316833511485,1,11.485316833511485,1,component,0.1
kodim01,-8.5,12.052765272740626,1,0.0,0,12.388111995053105,1,0.0,0,12.196399222246994,1,0.0,0,12.196399222246994,1,component,0.1
kodim01,-8.0,12.673022351314989,1,0.0,0,12.760682988254109,1,12.410963147040661,1,12.410963147040661,1,0.0,0,0.0,0,component,0.1
kodim01,-7.5,12.874409065058474,1,0.0,0,13.306947875107005,1,13.172707779070647,1,13.172707779070647,1,13.172707779070647,1,0.0,0,component,0.1
kodim01,-7.0,13.756649402143186,1,0.0,0,13.940100410378536,1,0.0,0,14.156025705064456,1,14.156025705064456,1,14.156025705064456,1,component,0.1
kodim01,-6.5,14.428964662096684,1,0.0,0,14.665476997979145,1,0.0,0,14.823010580779197,1,14.823010580779197,1,14.823010580779197,1,component,0.1
kodim01,-6.0,15.251820700632406,1,0.0,0,14.981175237722562,1,15.100186453117942,1,15.100186453117942,1,15.100186453117942,1,0.0,0,component,0.1
kodim01,-5.5,15.691351454922343,1,0.0,0,15.977349181742762,1,15.909660864994578,1,15.909660864994578,1,15.909660864994578,1,0.0,0,component,0.1
kodim01,-5.0,16.481029512335112,1,0.0,0,16.560261646683255,1,16.181905438594043,1,16.181905438594043,1,16.181905438594043,1,0.0,0,component,0.1
kodim01,-4.5,17.099803141459194,1,0.0,0,16.56848640144854,1,16.817391027204216,1,16.817391027204216,1,16.817391027204216,1,0.0,0,component,0.1
kodim01,-4.0,17.78817606680203,1,0.0,0,18.108588672442753,1,18.286216125520543,1,18.286216125520543,1,18.286216125520543,1,0.0,0,component,0.1
kodim01,-3.5,18.500743806298445,1,0.0,0,18.23281011401408,1,18.726831020365886,1,18.726831020365886,1,18.726831020365886,1,0.0,0,component,0.1
kodim01,-3.0,18.73702728504681,1,0.0,0,19.379687942458833,1,18.892195269832314,1,18.892195269832314,1,18.892195269832314,1,0.0,0,component,0.1
kodim01,-2.5,20.10936223295628,1,0.0,0,19.65688359935873,1,19.33592711218413,1,19.33592711218413,1,19.33592711218413,1,0.0,0,component,0.1
kodim01,-2.0,20.154374218763277,1,20.651882781854276,1,20.414056906252274,1,20.824084154405902,1,20.824084154405902,1,20.824084154405902,1,0.0,0,component,0.1
kodim01,-1.5,20.990570513707457,1,20.533731132088164,1,21.342116764679282,1,20.82874959163057,1,20.82874959163057,1,20.82874959163057,1,0.0,0,component,0.1
kodim01,-1.0,22.273244661063323,1,22.566691219080973,1,21.943780559499455,1,21.779838184046593,1,21.779838184046593,1,21.779838184046593,1,0.0,0,component,0.1
kodim01,-0.5,23.118814871142952,1,22.65901785681359,1,22.415942392746583,1,22.770850193843287,1,22.770850193843287,1,22.770850193843287,1,0.0,0,component,0.1
kodim01,0.0,23.04270286271684,1,22.90077821440083,1,23.112011628234907,1,23.38844563317128,1,23.38844563317128,1,23.38844563317128,1,0.0,0,component,0.1
kodim01,0.5,23.924186999028578,1,24.098476343361153,1,23.795836629521034,1,24.238888850567243,1,24.238888850567243,1,24.238888850567243,1,0.0,0,component,0.1
kodim01,1.0,24.946807261700343,1,24.870941566073704,1,24.416281124851608,1,24.932703952184163,1,24.932703952184163,1,24.932703952184163,1,0.0,0,component,0.1
kodim01,1.5,24.90838751861389,1,25.46986225951621,1,24.813223449767328,1,25.438511918808793,1,25.438511918808793,1,25.438511918808793,1,0.0,0,component,0.1
kodim01,2.0,25.640748658758188,1,25.78094345885304,1,25.79715495164972,1,25.670295663236846,1,25.670295663236846,1,25.670295663236846,1,0.0,0,component,0.1
kodim01,2.5,26.262859208671422,1,26.17243887354499,1,26.202908633614847,1,26.290437313276232,1,26.290437313276232,1,26.290437313276232,1,0.0,0,component,0.1
kodim01,3.0,26.68918895124812,1,26.65378799413979,1,26.76163167294845,1,26.833179880542364,1,26.833179880542364,1,26.833179880542364,1,0.0,0,component,0.1
kodim01,3.5,27.01900972054068,1,27.07981303910625,1,26.91359442144754,1,26.980588642375626,1,26.980588642375626,1,26.980588642375626,1,0.0,0,component,0.1
kodim01,4.0,27.287288001147942,1,27.319348788943852,1,27.42092620389851,1,27.336364016397752,1,27.336364016397752,1,27.336364016397752,1,0.0,0,component,0.1
kodim02,-12.0,12.307264121361133,1,0.0,0,11.911521032273946,1,11.777854891448387,1,11.777854891448387,1,0.0,0,0.0,0,component,0.1
kodim02,-11.5,12.40664092974334,1,0.0,0,12.65999152760224,1,12.784274502352005,1,12.784274502352005,1,0.0,0,0.0,0,component,0.1
kodim02,-11.0,13.091302632718394,1,0.0,0,13.136908627218878,1,0.0,0,13.93680487792112,1,13.93680487792112,1,0.0,0,component,0.1
kodim02,-10.5,13.914789680542448,1,0.0,0,13.39377938252805,1,0.0,0,14.363002778451722,1,14.363002778451722,1,14.363002778451722,1,component,0.1
kodim02,-10.0,14.811334113189469,1,0.0,0,15.368311410670596,1,0.0,0,14.617370482779988,1,0.0,0,14.617370482779988,1,component,0.1
kodim02,-9.5,16.13467904437588,1,0.0,0,15.182928693139228,1,15.780753770524731,1,15.780753770524731,1,15.780753770524731,1,15.780753770524731,1,component,0.1
kodim02,-9.0,16.396325663488696,1,0.0,0,16.380379512569558,1,17.159802766138775,1,17.159802766138775,1,17.159802766138775,1,0.0,0,component,0.1
kodim02,-8.5,18.714254704265436,1,0.0,0,18.119291592923627,1,18.80651836723802,1,18.80651836723802,1,18.80651836723802,1,18.80651836723802,1,component,0.1
kodim02,-8.0,19.59317923877545,1,0.0,0,19.63184080023172,1,18.201085129201964,1,18.201085129201964,1,18.201085129201964,1,0.0,0,component,0.1
kodim02,-7.5,19.464927674405356,1,0.0,0,20.383308008237577,1,20.325041164331186,1,20.325041164331186,1,0.0,0,0.0,0,component,0.1
kodim02,-7.0,22.005823510518205,1,0.0,0,22.353596732617316,1,21.316926532746308,1,21.316926532746308,1,0.0,0,0.0,0,component,0.1
kodim02,-6.5,21.60228300495458,1,0.0,0,21.893139245163876,1,22.599719001904962,1,22.599719001904962,1,0.0,0,0.0,0,component,0.1
kodim02,-6.0,22.382665137599083,1,0.0,0,20.84089116058669,1,23.457195398136157,1,23.457195398136157,1,23.457195398136157,1,0.0,0,component,0.1
kodim02,-5.5,23.48827302398428,1,0.0,0,23.74362658044258,1,24.282314783656204,1,24.282314783656204,1,24.282314783656204,1,0.0,0,component,0.1
kodim02,-5.0,24.8185066589337,1,0.0,0,24.442882071858683,1,23.620840654115188,1,23.620840654115188,1,23.620840654115188,1,0.0,0,component,0.1
kodim02,-4.5,24.91179366072398,1,0.0,0,24.657520002314712,1,25.34941935538494,1,25.34941935538494,1,25.34941935538494,1,0.0,0,component,0.1
kodim02,-4.0,26.772490261264718,1,0.0,0,26.93253103782113,1,26.85208622473962,1,26.85208622473962,1,26.85208622473962,1,0.0,0,component,0.1
kodim02,-3.5,26.374010039037742,1,0.0,0,26.885133160044322,1,26.77052133735737,1,26.77052133735737,1,26.77052133735737,1,0.0,0,component,0.1
kodim02,-3.0,27.28613109021427,1,0.0,0,28.102213276149264,1,27.293231974266796,1,27.293231974266796,1,27.293231974266796,1,0.0,0,component,0.1
kodim02,-2.5,28.664413536230064,1,0.0,0,28.413858349004148,1,28.82498138204227,1,28.82498138204227,1,28.82498138204227,1,0.0,0,component,0.1
kodim02,-2.0,29.15228711009139,1,29.32751582859074,1,28.578585605498287,1,28.41211719372556,1,28.41211719372556,1,28.41211719372556,1,0.0,0,component,0.1
kodim02,-1.5,29.845150979170235,1,29.311110570416595,1,29.780156533007954,1,29.887395571429025,1,29.887395571429025,1,29.887395571429025,1,0.0,0,component,0.1
kodim02,-1.0,29.866622217116095,1,30.191272853985023,1,30.34041710357411,1,30.524646050817207,1,30.524646050817207,1,30.524646050817207,1,0.0,0,component,0.1
kodim02,-0.5,30.817083909814475,1,30.501290326969986,1,30.922322883908116,1,30.640692120591687,1,30.640692120591687,1,30.640692120591687,1,0.0,0,component,0.1
kodim02,0.0,31.381544525878496,1,31.01109717260482,1,31.339855856087627,1,31.250091160119815,1,31.250091160119815,1,31.250091160119815,1,0.0,0,component,0.1
kodim02,0.5,31.759448076962805,1,31.644305050585753,1,31.62881723867065,1,31.37915458120743,1,31.37915458120743,1,31.37915458120743,1,0.0,0,component,0.1
kodim02,1.0,31.889185022057273,1,31.97121226459625,1,31.915618438065252,1,31.796532962455885,1,31.796532962455885,1,31.796532962455885,1,0.0,0,component,0.1
kodim02,1.5,32.12120240991571,1,32.22295095187167,1,32.275860489948,1,32.169168364297335,1,32.169168364297335,1,32.169168364297335,1,0.0,0,component,0.1
kodim02,2.0,32.46400437552208,1,32.51748722693919,1,32.478153379408084,1,32.506472026064145,1,32.506472026064145,1,32.506472026064145,1,0.0,0,component,0.1
kodim02,2.5,32.762402612288994,1,32.693266371664365,1,32.78234863942953,1,32.680219252900905,1,32.680219252900905,1,32.680219252900905,1,0.0,0,component,0.1
kodim02,3.0,32.932171825404566,1,32.90215724099218,1,33.039844802324076,1,33.02947234471243,1,33.02947234471243,1,33.02947234471243,1,0.0,0,component,0.1
kodim02,3.5,33.19024655922844,1,33.25632974392924,1,33.200974495427204,1,33.157075921066834,1,33.157075921066834,1,33.157075921066834,1,0.0,0,component,0.1
kodim02,4.0,33.42333092356486,1,33.41996047107104,1,33.45304674460134,1,33.416386670163575,1,33.416386670163575,1,33.416386670163575,1,0.0,0,component,0.1
kodim05,-12.0,8.145210386581068,1,0.0,0,8.148977684605992,1,8.074695998706149,1,0.0,0,8.074695998706149,1,8.074695998706149,1,component,0.1
kodim05,-11.5,8.240629451449145,1,0.0,0,8.141571642338363,1,0.0,0,0.0,0,8.26149402113802,1,8.26149402113802,1,component,0.1
kodim05,-11.0,8.240700232133317,1,0.0,0,8.36777763411287,1,0.0,0,8.429445757632273,1,0.0,0,0.0,0,component,0.1
kodim05,-10.5,8.50528380907231,1,0.0,0,8.498748522892917,1,0.0,0,0.0,0,0.0,0,8.373545438484104,1,component,0.1
kodim05,-10.0,8.611009598671526,1,0.0,0,8.682545619299082,1,8.957748545567256,1,8.957748545567256,1,8.957748545567256,1,8.957748545567256,1,component,0.1
kodim05,-9.5,9.013701678478423,1,0.0,0,8.987851231323752,1,0.0,0,8.8272900983829,1,0.0,0,8.8272900983829,1,component,0.1
kodim05,-9.0,9.392369915461398,1,0.0,0,9.354071749609425,1,9.435317393881279,1,0.0,0,0.0,0,9.435317393881279,1,component,0.1
kodim05,-8.5,9.718633772695608,1,0.0,0,9.773117946705304,1,9.732442013719158,1,0.0,0,9.732442013719158,1,9.732442013719158,1,component,0.1
kodim05,-8.0,10.2518757796971,1,0.0,0,10.234480932129571,1,9.928745064952816,1,9.928745064952816,1,9.928745064952816,1,0.0,0,component,0.1
kodim05,-7.5,10.353031756988084,1,0.0,0,10.41987628458302,1,0.0,0,0.0,0,10.69792378471567,1,10.69792378471567,1,component,0.1
kodim05,-7.0,10.97762183013321,1,0.0,0,10.97709258932252,1,11.065205835564573,1,11.065205835564573,1,11.065205835564573,1,0.0,0,component,0.1
kodim05,-6.5,11.183141151835038,1,0.0,0,11.844251911284196,1,0.0,0,0.0,0,11.550340428834192,1,0.0,0,component,0.1
kodim05,-6.0,12.119865401159942,1,0.0,0,12.077595367690089,1,11.912163260658925,1,11.912163260658925,1,11.912163260658925,1,0.0,0,component,0.1
kodim05,-5.5,12.508949588141395,1,0.0,0,12.242681389957696,1,12.556411353222432,1,0.0,0,12.556411353222432,1,0.0,0,component,0.1
kodim05,-5.0,13.002667330113018,1,0.0,0,12.913435369126054,1,0.0,0,12.950786747343606,1,0.0,0,0.0,0,component,0.1
kodim05,-4.5,13.847438896470479,1,0.0,0,13.73160512696538,1,0.0,0,0.0,0,13.412160985452699,1,13.412160985452699,1,component,0.1
kodim05,-4.0,14.656253677745807,1,0.0,0,14.510941477052686,1,14.385804741002506,1,14.385804741002506,1,14.385804741002506,1,0.0,0,component,0.1
kodim05,-3.5,15.202970112514135,1,0.0,0,15.081282783057322,1,15.147264398884026,1,15.147264398884026,1,15.147264398884026,1,0.0,0,component,0.1
kodim05,-3.0,14.964754115816737,1,0.0,0,16.37678563398086,1,15.541613683001108,1,0.0,0,15.541613683001108,1,0.0,0,component,0.1
kodim05,-2.5,16.87047439341463,1,0.0,0,16.718320030645067,1,15.814238157743256,1,0.0,0,15.814238157743256,1,0.0,0,component,0.1
kodim05,-2.0,17.053537495424738,1,16.92994044122132,1,16.997562025880786,1,16.47401762439898,1,16.47401762439898,1,16.47401762439898,1,0.0,0,component,0.1
kodim05,-1.5,18.37925713842474,1,18.077888121983968,1,17.298761281410222,1,18.01417434246565,1,18.01417434246565,1,18.01417434246565,1,0.0,0,component,0.1
kodim05,-1.0,18.26911742796384,1,18.724243854810116,1,17.65303234253937,1,18.16761316502401,1,18.16761316502401,1,18.16761316502401,1,0.0,0,component,0.1
kodim05,-0.5,19.245957715663394,1,19.41513785594404,1,18.993698697125552,1,19.282358708491373,1,0.0,0,19.282358708491373,1,0.0,0,component,0.1
kodim05,0.0,20.282973994984683,1,19.90341119653948,1,19.938630172298705,1,20.359408583771632,1,0.0,0,20.359408583771632,1,0.0,0,component,0.1
kodim05,0.5,20.205498281030223,1,20.810150008138507,1,20.4185579089485,1,20.60294865141688,1,0.0,0,20.60294865141688,1,0.0,0,component,0.1
kodim05,1.0,21.86558813079996,1,21.85075335863167,1,21.498501085240562,1,21.844333548398616,1,0.0,0,21.844333548398616,1,0.0,0,component,0.1
kodim05,1.5,22.077902489923268,1,21.943598634974272,1,22.518723740115597,1,22.52600297109808,1,0.0,0,22.52600297109808,1,0.0,0,component,0.1
kodim05,2.0,22.76226126438801,1,23.13814935882862,1,23.208575604270287,1,23.03214644550191,1,0.0,0,23.03214644550191,1,0.0,0,component,0.1
kodim05,2.5,23.9546387801677,1,24.198180711197985,1,23.85978949726775,1,23.73644469204594,1,0.0,0,23.73644469204594,1,0.0,0,component,0.1
kodim05,3.0,24.33444215189241,1,24.517724391258646,1,24.574908706192563,1,24.446428840284398,1,0.0,0,24.446428840284398,1,0.0,0,component,0.1
kodim05,3.5,25.502231274577944,1,25.18815477130714,1,25.154604717120826,1,25.105333111199126,1,0.0,0,25.105333111199126,1,0.0,0,component,0.1
kodim05,4.0,25.957893138664772,1,26.126728459906303,1,25.964256587915738,1,26.00333445923173,1,0.0,0,26.00333445923173,1,0.0,0,component,0.1
kodim08,-12.0,8.673786091984685,1,0.0,0,8.672623207200497,1,8.662496539851391,1,8.662496539851391,1,8.662496539851391,1,8.662496539851391,1,component,0.1
kodim08,-11.5,8.826791179591662,1,0.0,0,8.751216239570107,1,0.0,0,8.760344616954095,1,0.0,0,8.760344616954095,1,component,0.1
kodim08,-11.0,8.827579596354212,1,0.0,0,8.888674479757968,1,0.0,0,8.93547531182859,1,8.93547531182859,1,0.0,0,component,0.1
kodim08,-10.5,8.997939371174585,1,0.0,0,9.091084112582408,1,0.0,0,9.069013381774539,1,9.069013381774539,1,9.069013381774539,1,component,0.1
kodim08,-10.0,9.128106964610602,1,0.0,0,9.244984401833445,1,9.256607422264201,1,9.256607422264201,1,9.256607422264201,1,0.0,0,component,0.1
kodim08,-9.5,9.391347412183444,1,0.0,0,9.288941654243917,1,0.0,0,9.335489487841564,1,9.335489487841564,1,9.335489487841564,1,component,0.1
kodim08,-9.0,9.843375648679194,1,0.0,0,9.641650875882897,1,9.713014372538915,1,9.713014372538915,1,9.713014372538915,1,0.0,0,component,0.1
kodim08,-8.5,9.901518401399738,1,0.0,0,10.076420423567715,1,9.961690553708578,1,9.961690553708578,1,0.0,0,0.0,0,component,0.1
kodim08,-8.0,10.274160726572815,1,0.0,0,10.265060223051645,1,10.509528556803744,1,10.509528556803744,1,10.509528556803744,1,10.509528556803744,1,component,0.1
kodim08,-7.5,10.746913555289234,1,0.0,0,10.766069466424428,1,10.6621835385074,1,10.6621835385074,1,10.6621835385074,1,0.0,0,component,0.1
kodim08,-7.0,11.092001213510262,1,0.0,0,11.153007798887911,1,0.0,0,11.109359255385414,1,11.109359255385414,1,11.109359255385414,1,component,0.1
kodim08,-6.5,11.56191837342262,1,0.0,0,11.816142418845178,1,0.0,0,11.6613687620892,1,0.0,0,11.6613687620892,1,component,0.1
kodim08,-6.0,12.288593872798842,1,0.0,0,11.911578316394118,1,0.0,0,11.877095637860673,1,11.877095637860673,1,11.877095637860673,1,component,0.1
kodim08,-5.5,12.753168362537737,1,0.0,0,12.594354492262267,1,12.78306720413164,1,12.78306720413164,1,12.78306720413164,1,0.0,0,component,0.1
kodim08,-5.0,13.061045343662252,1,0.0,0,12.963241397050428,1,13.111564639956237,1,13.111564639956237,1,13.111564639956237,1,0.0,0,component,0.1
kodim08,-4.5,13.442754322153023,1,0.0,0,13.734286705335826,1,0.0,0,13.874036872016553,1,13.874036872016553,1,0.0,0,component,0.1
kodim08,-4.0,13.329181231298982,1,0.0,0,14.192720110017582,1,13.975253128970584,1,13.975253128970584,1,13.975253128970584,1,0.0,0,component,0.1
kodim08,-3.5,14.27196451320317,1,0.0,0,14.487162400067987,1,14.539899087402265,1,14.539899087402265,1,14.539899087402265,1,0.0,0,component,0.1
kodim08,-3.0,14.615564907577859,1,0.0,0,15.036694974946283,1,14.99556269460303,1,14.99556269460303,1,14.99556269460303,1,0.0,0,component,0.1
kodim08,-2.5,15.44613178382676,1,0.0,0,15.120218017861468,1,15.962991294346356,1,15.962991294346356,1,15.962991294346356,1,0.0,0,component,0.1
kodim08,-2.0,16.433759313714102,1,16.371042939937645,1,16.50646793187761,1,16.157555104111918,1,16.157555104111918,1,16.157555104111918,1,0.0,0,component,0.1
kodim08,-1.5,17.190548801392854,1,17.17609885692559,1,17.17968275254052,1,16.94944089868538,1,16.94944089868538,1,16.94944089868538,1,0.0,0,component,0.1
kodim08,-1.0,17.306045833326692,1,17.416044997760608,1,17.83586692753613,1,17.48240649896301,1,17.48240649896301,1,17.48240649896301,1,0.0,0,component,0.1
kodim08,-0.5,18.49913058108562,1,18.801115113549816,1,18.90674461643136,1,19.130878000506065,1,19.130878000506065,1,19.130878000506065,1,0.0,0,component,0.1
kodim08,0.0,20.294588421550166,1,18.8308450097302,1,19.6590107165582,1,20.30476725865398,1,20.30476725865398,1,20.30476725865398,1,0.0,0,component,0.1
kodim08,0.5,20.72266572016084,1,20.75708547395262,1,20.36042890877762,1,20.631419106756983,1,20.631419106756983,1,20.631419106756983,1,0.0,0,component,0.1
kodim08,1.0,21.736129768029834,1,22.065039068214848,1,20.97929842147256,1,21.246925758177866,1,21.246925758177866,1,21.246925758177866,1,0.0,0,component,0.1
kodim08,1.5,22.210581910865578,1,22.505681895676894,1,21.736890533061985,1,21.65170174192452,1,21.65170174192452,1,21.65170174192452,1,0.0,0,component,0.1
kodim08,2.0,23.19566575517541,1,23.050711451702558,1,23.164164993826013,1,23.160187888947274,1,23.160187888947274,1,23.160187888947274,1,0.0,0,component,0.1
kodim08,2.5,23.441160906927312,1,23.87223096086033,1,24.189070697202453,1,23.49640537317417,1,23.49640537317417,1,23.49640537317417,1,0.0,0,component,0.1
kodim08,3.0,24.530638443312277,1,24.68530980836995,1,24.753620383158555,1,24.81417277677574,1,24.81417277677574,1,24.81417277677574,1,0.0,0,component,0.1
kodim08,3.5,25.393249688235574,1,25.31837878845827,1,25.20454162310994,1,24.5790116228764,1,24.5790116228764,1,24.5790116228764,1,0.0,0,component,0.1
kodim08,4.0,25.784269709096517,1,25.781773347011114,1,25.89634529305716,1,25.618167828281724,1,25.618167828281724,1,25.618167828281724,1,0.0,0,component,0.1
kodim13,-12.0,8.470517773344357,1,0.0,0,8.427268663646615,1,8.458574212632055,1,0.0,0,0.0,0,0.0,0,component,0.1
kodim13,-11.5,8.615452036946326,1,0.0,0,8.538960463359643,1,8.54411326323605,1,0.0,0,0.0,0,8.54411326323605,1,component,0.1
kodim13,-11.0,8.682031999485393,1,0.0,0,8.754597600266127,1,0.0,0,8.7746503470539,1,8.7746503470539,1,8.7746503470539,1,component,0.1
kodim13,-10.5,8.69716311277394,1,0.0,0,8.73725590829803,1,0.0,0,0.0,0,0.0,0,8.780553976062764,1,component,0.1
kodim13,-10.0,8.994754947677965,1,0.0,0,8.946779180273666,1,0.0,0,9.056973968817172,1,0.0,0,9.056973968817172,1,component,0.1
kodim13,-9.5,9.159795593861164,1,0.0,0,9.143031760108753,1,0.0,0,0.0,0,8.98315464911892,1,8.98315464911892,1,component,0.1
kodim13,-9.0,9.436573682703273,1,0.0,0,9.24616695732826,1,9.398776515848773,1,0.0,0,9.398776515848773,1,0.0,0,component,0.1
kodim13,-8.5,9.3927252460022,1,0.0,0,9.544892663336759,1,0.0,0,0.0,0,0.0,0,9.731748398209746,1,component,0.1
kodim13,-8.0,10.0549735620755,1,0.0,0,9.919690660946285,1,0.0,0,9.847285688496697,1,0.0,0,0.0,0,component,0.1
kodim13,-7.5,10.113756257550845,1,0.0,0,10.329173821626208,1,0.0,0,0.0,0,10.36670764310047,1,10.36670764310047,1,component,0.1
kodim13,-7.0,10.65138191373211,1,0.0,0,10.827711274430833,1,0.0,0,10.561784769384792,1,0.0,0,10.561784769384792,1,component,0.1
kodim13,-6.5,10.850169626811379,1,0.0,0,11.049902868085145,1,10.990964911840909,1,0.0,0,0.0,0,10.990964911840909,1,component,0.1
kodim13,-6.0,11.802025759776612,1,0.0,0,11.827197222797443,1,0.0,0,11.686931398921947,1,0.0,0,11.686931398921947,1,component,0.1
kodim13,-5.5,12.333324854399681,1,0.0,0,11.929222560551462,1,12.137973068469456,1,12.137973068469456,1,0.0,0,0.0,0,component,0.1
kodim13,-5.0,12.613829125497546,1,0.0,0,12.27455045798221,1,0.0,0,12.411352983468813,1,0.0,0,12.411352983468813,1,component,0.1
kodim13,-4.5,12.782960034627425,1,0.0,0,12.399885065151292,1,0.0,0,13.067214243169632,1,13.067214243169632,1,13.067214243169632,1,component,0.1
kodim13,-4.0,13.858570370226369,1,0.0,0,13.810444814991683,1,13.692068731306176,1,13.692068731306176,1,0.0,0,0.0,0,component,0.1
kodim13,-3.5,13.75836424638017,1,0.0,0,13.954671154871956,1,14.71196872638265,1,0.0,0,14.71196872638265,1,0.0,0,component,0.1
kodim13,-3.0,14.759497423817434,1,0.0,0,15.756476042614285,1,0.0,0,15.662646183284206,1,0.0,0,15.662646183284206,1,component,0.1
kodim13,-2.5,16.293608595301436,1,0.0,0,15.363740849529972,1,0.0,0,0.0,0,15.45321528717823,1,0.0,0,component,0.1
kodim13,-2.0,15.909713854815857,1,16.39921582674012,1,15.265704242246867,1,15.992211473907414,1,15.992211473907414,1,0.0,0,0.0,0,component,0.1
kodim13,-1.5,16.749412474815518,1,16.942013997765365,1,16.865071246025646,1,16.865394325623082,1,0.0,0,16.865394325623082,1,0.0,0,component,0.1
kodim13,-1.0,17.820100568226238,1,17.99980734527668,1,17.300577038011046,1,16.899488585159897,1,0.0,0,16.899488585159897,1,0.0,0,component,0.1
kodim13,-0.5,17.503102098625128,1,17.925114868663222,1,18.571082847596642,1,18.496139654230017,1,0.0,0,18.496139654230017,1,0.0,0,component,0.1
kodim13,0.0,19.663953088504208,1,19.32162581888236,1,19.463758176961917,1,19.74103681988478,1,0.0,0,19.74103681988478,1,0.0,0,component,0.1
kodim13,0.5,20.15011192725185,1,20.109949190180252,1,19.626756657462458,1,20.538390463400358,1,20.538390463400358,1,0.0,0,0.0,0,component,0.1
kodim13,1.0,20.76667590648396,1,20.886588493828153,1,20.212365532400565,1,21.073169695349804,1,21.073169695349804,1,21.073169695349804,1,0.0,0,component,0.1
kodim13,1.5,20.019278524211916,1,21.768696775158745,1,21.54452670377628,1,21.655908536001157,1,0.0,0,21.655908536001157,1,0.0,0,component,0.1
kodim13,2.0,22.30048950609158,1,22.29123738873281,1,21.723729583935455,1,22.05074923224913,1,22.05074923224913,1,22.05074923224913,1,0.0,0,component,0.1
kodim13,2.5,22.26747279410577,1,22.56923627087207,1,22.628655023167976,1,22.06799234929504,1,22.06799234929504,1,0.0,0,0.0,0,component,0.1
kodim13,3.0,22.873649419256587,1,22.751968612341283,1,23.11071376700567,1,22.738543032530494,1,0.0,0,22.738543032530494,1,0.0,0,component,0.1
kodim13,3.5,23.36016066142446,1,23.368173670916637,1,23.2744890715267,1,23.338597219243503,1,0.0,0,23.338597219243503,1,0.0,0,component,0.1
kodim13,4.0,23.677066403151812,1,23.70410817120738,1,23.58648696135553,1,23.602604534546945,1,0.0,0,23.602604534546945,1,0.0,0,component,0.1
kodim15,-12.0,9.243682277071613,1,0.0,0,9.221210798019099,1,9.005287858721115,1,9.005287858721115,1,9.005287858721115,1,9.005287858721115,1,component,0.1
kodim15,-11.5,9.345954283188902,1,0.0,0,9.105163856941413,1,9.635226819631566,1,9.635226819631566,1,0.0,0,9.635226819631566,1,component,0.1
kodim15,-11.0,9.839626292393149,1,0.0,0,9.631173097407888,1,9.938383007469405,1,9.938383007469405,1,9.938383007469405,1,0.0,0,component,0.1
kodim15,-10.5,10.084190401187572,1,0.0,0,9.942269086763863,1,10.793520752599397,1,10.793520752599397,1,10.793520752599397,1,0.0,0,component,0.1
kodim15,-10.0,10.466080485240514,1,0.0,0,11.02336395956307,1,10.2278140192513,1,10.2278140192513,1,10.2278140192513,1,0.0,0,component,0.1
kodim15,-9.5,10.516919989981472,1,0.0,0,11.02499756681161,1,10.997041196052805,1,10.997041196052805,1,10.997041196052805,1,0.0,0,component,0.1
kodim15,-9.0,11.00663523588069,1,0.0,0,11.630884297851852,1,11.86399681525086,1,11.86399681525086,1,0.0,0,0.0,0,component,0.1
kodim15,-8.5,11.79820267100114,1,0.0,0,11.969324933469892,1,12.266180505177005,1,12.266180505177005,1,12.266180505177005,1,0.0,0,component,0.1
kodim15,-8.0,12.966637891857557,1,0.0,0,13.03014826804798,1,11.404208149205441,1,11.404208149205441,1,11.404208149205441,1,0.0,0,component,0.1
kodim15,-7.5,13.821077313989395,1,0.0,0,13.252329341886576,1,12.423437210761461,1,12.423437210761461,1,12.423437210761461,1,0.0,0,component,0.1
kodim15,-7.0,15.441536398854133,1,0.0,0,15.355796195268525,1,14.46639405125362,1,14.46639405125362,1,14.46639405125362,1,0.0,0,component,0.1
kodim15,-6.5,14.894666133878713,1,0.0,0,15.781993401152778,1,13.93313565653772,1,13.93313565653772,1,13.93313565653772,1,0.0,0,component,0.1
kodim15,-6.0,18.317109056418957,1,0.0,0,17.340959030712508,1,17.608999484393053,1,17.608999484393053,1,17.608999484393053,1,0.0,0,component,0.1
kodim15,-5.5,18.096059470086033,1,0.0,0,18.856374075711038,1,19.185762791506665,1,19.185762791506665,1,19.185762791506665,1,0.0,0,component,0.1
kodim15,-5.0,18.243195340800376,1,0.0,0,21.88392476818136,1,21.56014936926038,1,21.56014936926038,1,21.56014936926038,1,0.0,0,component,0.1
kodim15,-4.5,21.852483332148584,1,0.0,0,21.733229103840827,1,21.897139015962527,1,21.897139015962527,1,21.897139015962527,1,21.897139015962527,1,component,0.1
kodim15,-4.0,23.3706185603312,1,0.0,0,22.110261603126425,1,22.575650993409386,1,22.575650993409386,1,22.575650993409386,1,0.0,0,component,0.1
kodim15,-3.5,23.704213993073772,1,0.0,0,24.167177463073315,1,25.43367448456371,1,25.43367448456371,1,25.43367448456371,1,0.0,0,component,0.1
kodim15,-3.0,25.025609534654308,1,0.0,0,25.87438990996281,1,26.500229038301303,1,26.500229038301303,1,26.500229038301303,1,26.500229038301303,1,component,0.1
kodim15,-2.5,24.7668945650131,1,0.0,0,28.20888481855123,1,27.116971205521647,1,27.116971205521647,1,27.116971205521647,1,27.116971205521647,1,component,0.1
kodim15,-2.0,28.36246173781333,1,28.17022740195728,1,28.201709310925267,1,28.42338302097582,1,28.42338302097582,1,28.42338302097582,1,28.42338302097582,1,component,0.1
kodim15,-1.5,26.94180387583026,1,29.25755412866234,1,26.524498204218677,1,29.059778946872413,1,29.059778946872413,1,29.059778946872413,1,29.059778946872413,1,component,0.1
kodim15,-1.0,29.762678584774736,1,29.586095233911426,1,29.93235919658774,1,29.907284782398094,1,29.907284782398094,1,29.907284782398094,1,29.907284782398094,1,component,0.1
kodim15,-0.5,29.933884637552175,1,30.247085041528333,1,30.280621706378202,1,30.079045125503416,1,30.079045125503416,1,30.079045125503416,1,30.079045125503416,1,component,0.1
kodim15,0.0,30.915484396447127,1,30.637372786993758,1,30.79694414454619,1,31.029594846079753,1,31.029594846079753,1,31.029594846079753,1,31.029594846079753,1,component,0.1
kodim15,0.5,31.089032577038765,1,31.34874992410922,1,31.236248186460386,1,31.342421921540122,1,31.342421921540122,1,31.342421921540122,1,31.342421921540122,1,component,0.1
kodim15,1.0,31.435846274040703,1,31.506854528631784,1,31.581668641276348,1,31.46850439699232,1,31.46850439699232,1,31.46850439699232,1,31.46850439699232,1,component,0.1
kodim15,1.5,31.89563358542339,1,32.024364249115095,1,31.987561895452806,1,32.058570530497825,1,32.058570530497825,1,0.0,0,32.058570530497825,1,component,0.1
kodim15,2.0,32.30940202980468,1,32.32792604981259,1,31.795688899927995,1,32.29793466921147,1,32.29793466921147,1,32.29793466921147,1,32.29793466921147,1,component,0.1
kodim15,2.5,32.51435283175698,1,32.516708718446125,1,32.541002455070455,1,32.60711906934044,1,32.60711906934044,1,32.60711906934044,1,32.60711906934044,1,component,0.1
kodim15,3.0,32.66153353250307,1,32.6654904575731,1,32.80576456024045,1,32.84272919012523,1,32.84272919012523,1,32.84272919012523,1,32.84272919012523,1,component,0.1
kodim15,3.5,32.92882920075587,1,32.9479317658824,1,33.03874491370001,1,32.95355160620308,1,32.95355160620308,1,32.95355160620308,1,32.95355160620308,1,component,0.1
kodim15,4.0,33.14572309742702,1,33.245436346082094,1,33.24496937197814,1,33.2092504430111,1,33.2092504430111,1,33.2092504430111,1,33.2092504430111,1,component,0.1
kodim19,-12.0,10.62925034824342,1,0.0,0,10.813751650410614,1,0.0,0,10.726141771322473,1,10.726141771322473,1,10.726141771322473,1,component,0.1
kodim19,-11.5,11.04585663644599,1,0.0,0,10.853929976557218,1,11.048762836532422,1,11.048762836532422,1,11.048762836532422,1,0.0,0,component,0.1
kodim19,-11.0,11.189019820680407,1,0.0,0,11.526926266995453,1,11.63567558838195,1,11.63567558838195,1,11.63567558838195,1,11.63567558838195,1,component,0.1
kodim19,-10.5,11.954291260809523,1,0.0,0,12.230252238025727,1,12.216944955640352,1,12.216944955640352,1,12.216944955640352,1,0.0,0,component,0.1
kodim19,-10.0,12.422558744189939,1,0.0,0,12.755519425044923,1,12.840352913979437,1,12.840352913979437,1,12.840352913979437,1,0.0,0,component,0.1
kodim19,-9.5,12.835209733233944,1,0.0,0,13.359617868507751,1,13.05581503602445,1,13.05581503602445,1,13.05581503602445,1,0.0,0,component,0.1
kodim19,-9.0,13.485504613742487,1,0.0,0,13.658444774050063,1,13.956416931052226,1,13.956416931052226,1,13.956416931052226,1,0.0,0,component,0.1
kodim19,-8.5,14.168856324928347,1,0.0,0,14.440684388636418,1,14.850211478662583,1,14.850211478662583,1,14.850211478662583,1,0.0,0,component,0.1
kodim19,-8.0,14.692571011416799,1,0.0,0,15.236766404956466,1,14.051597980304695,1,14.051597980304695,1,14.051597980304695,1,0.0,0,component,0.1
kodim19,-7.5,14.98108711180471,1,0.0,0,15.408371723246246,1,14.865664658674875,1,14.865664658674875,1,14.865664658674875,1,0.0,0,component,0.1
kodim19,-7.0,16.019624057204208,1,0.0,0,15.945514227703816,1,15.535605961966517,1,15.535605961966517,1,15.535605961966517,1,0.0,0,component,0.1
kodim19,-6.5,16.881269731396795,1,0.0,0,16.715202376783488,1,16.06233670654821,1,16.06233670654821,1,16.06233670654821,1,0.0,0,component,0.1
kodim19,-6.0,17.042470077978017,1,0.0,0,17.347230309319386,1,17.161277305808284,1,17.161277305808284,1,17.161277305808284,1,0.0,0,component,0.1
kodim19,-5.5,17.892262572659902,1,0.0,0,17.506641537354678,1,17.434646690211572,1,17.434646690211572,1,17.434646690211572,1,0.0,0,component,0.1
kodim19,-5.0,20.152146413997976,1,0.0,0,17.926652285218797,1,19.538719012726766,1,19.538719012726766,1,19.538719012726766,1,0.0,0,component,0.1
kodim19,-4.5,19.48928757031755,1,0.0,0,19.858533234075374,1,18.685916352811947,1,18.685916352811947,1,18.685916352811947,1,0.0,0,component,0.1
kodim19,-4.0,19.68313636770373,1,0.0,0,20.200782674901696,1,21.82039993597847,1,21.82039993597847,1,21.82039993597847,1,0.0,0,component,0.1
kodim19,-3.5,22.737676108498626,1,0.0,0,21.045391050976974,1,21.479073657772854,1,21.479073657772854,1,21.479073657772854,1,0.0,0,component,0.1
kodim19,-3.0,22.490031033883046,1,0.0,0,22.283610007098495,1,22.43846249916665,1,22.43846249916665,1,22.43846249916665,1,0.0,0,component,0.1
kodim19,-2.5,24.19362955649978,1,0.0,0,24.411769926413264,1,20.925660605682385,1,20.925660605682385,1,20.925660605682385,1,0.0,0,component,0.1
kodim19,-2.0,24.0661101729819,1,25.178844103620854,1,25.380646029698156,1,25.336683261631606,1,25.336683261631606,1,25.336683261631606,1,0.0,0,component,0.1
kodim19,-1.5,26.47855926769857,1,24.652535492547383,1,25.059367438539077,1,26.376059963289524,1,26.376059963289524,1,26.376059963289524,1,0.0,0,component,0.1
kodim19,-1.0,26.535095552999117,1,26.68644592107838,1,26.462814879427057,1,26.793409636485862,1,26.793409636485862,1,26.793409636485862,1,0.0,0,component,0.1
kodim19,-0.5,25.703983325830542,1,27.88640712942569,1,27.439659444057703,1,26.996761523543107,1,26.996761523543107,1,26.996761523543107,1,0.0,0,component,0.1
kodim19,0.0,27.839647213800326,1,28.219037047556576,1,28.061821031100006,1,27.843963651778306,1,27.843963651778306,1,27.843963651778306,1,0.0,0,component,0.1
kodim19,0.5,28.82527300987437,1,28.81167453600263,1,28.786436400480927,1,28.938847481337298,1,28.938847481337298,1,28.938847481337298,1,0.0,0,component,0.1
kodim19,1.0,29.40489875781255,1,29.364660404948605,1,29.416172075927264,1,29.495003940935618,1,29.495003940935618,1,29.495003940935618,1,0.0,0,component,0.1
kodim19,1.5,29.676391027692016,1,29.84548225968361,1,29.94128594813874,1,29.906092716873655,1,29.906092716873655,1,29.906092716873655,1,0.0,0,component,0.1
kodim19,2.0,30.516553572497674,1,30.384052542331837,1,30.424005545968523,1,30.453798495839166,1,30.453798495839166,1,30.453798495839166,1,0.0,0,component,0.1
kodim19,2.5,30.81409017410094,1,30.44509962114904,1,30.741630911024824,1,30.780049173951,1,30.780049173951,1,30.780049173951,1,0.0,0,component,0.1
kodim19,3.0,30.97618515830174,1,31.0883501446246,1,30.97665361355393,1,30.98096577441102,1,30.98096577441102,1,30.98096577441102,1,0.0,0,component,0.1
kodim19,3.5,31.41406104627652,1,31.367080822603256,1,31.218283799772433,1,31.261854739271747,1,31.261854739271747,1,31.261854739271747,1,0.0,0,component,0.1
kodim19,4.0,31.60123688922631,1,31.610598305462553,1,31.62422217348011,1,31.708550361770538,1,31.708550361770538,1,31.708550361770538,1,0.0,0,component,0.1
kodim20,-12.0,7.944121067153174,1,0.0,0,8.589548559100798,1,7.928029598186336,1,7.928029598186336,1,0.0,0,0.0,0,component,0.1
kodim20,-11.5,8.504442626867757,1,0.0,0,8.34028839087662,1,0.0,0,7.30833791410322,1,0.0,0,0.0,0,component,0.1
kodim20,-11.0,8.128923086249166,1,0.0,0,8.598937313682395,1,8.7578318529445,1,8.7578318529445,1,8.7578318529445,1,0.0,0,component,0.1
kodim20,-10.5,8.47156314197566,1,0.0,0,9.487204650520717,1,0.0,0,0.0,0,0.0,0,9.987691789124227,1,component,0.1
kodim20,-10.0,9.538421798331761,1,0.0,0,10.311362251650628,1,9.100575750141202,1,9.100575750141202,1,9.100575750141202,1,0.0,0,component,0.1
kodim20,-9.5,10.604626847068365,1,0.0,0,9.650481472428337,1,11.009705956221453,1,11.009705956221453,1,0.0,0,11.009705956221453,1,component,0.1
kodim20,-9.0,10.150876109089246,1,0.0,0,11.729361752019415,1,11.754863630251231,1,0.0,0,0.0,0,0.0,0,component,0.1
kodim20,-8.5,10.12085837223182,1,0.0,0,10.671234476743773,1,11.243777015220111,1,0.0,0,11.243777015220111,1,0.0,0,component,0.1
kodim20,-8.0,11.397270381340052,1,0.0,0,12.30153381550885,1,12.37260355450185,1,12.37260355450185,1,12.37260355450185,1,0.0,0,component,0.1
kodim20,-7.5,13.047350491858705,1,0.0,0,13.169856554122429,1,12.247875968644937,1,0.0,0,0.0,0,0.0,0,component,0.1
kodim20,-7.0,15.461067244887722,1,0.0,0,13.561205642152625,1,12.334569289368911,1,12.334569289368911,1,0.0,0,0.0,0,component,0.1
kodim20,-6.5,16.121087320839884,1,0.0,0,15.694350795536785,1,15.316815284706763,1,15.316815284706763,1,15.316815284706763,1,0.0,0,component,0.1
kodim20,-6.0,15.824262148866739,1,0.0,0,16.715453742029972,1,17.082790591334472,1,17.082790591334472,1,0.0,0,0.0,0,component,0.1
kodim20,-5.5,18.188460115067336,1,0.0,0,16.068306335365087,1,19.357256348824105,1,19.357256348824105,1,19.357256348824105,1,0.0,0,component,0.1
kodim20,-5.0,21.456831277262797,1,0.0,0,20.562698330937465,1,20.8723122595652,1,20.8723122595652,1,0.0,0,0.0,0,component,0.1
kodim20,-4.5,22.422045115771176,1,0.0,0,22.70351225687974,1,22.385738549151306,1,22.385738549151306,1,22.385738549151306,1,0.0,0,component,0.1
kodim20,-4.0,23.843696481181304,1,0.0,0,24.465438213554602,1,23.285518917398484,1,23.285518917398484,1,23.285518917398484,1,0.0,0,component,0.1
kodim20,-3.5,26.025499670455904,1,0.0,0,25.877855853060346,1,24.354331348242688,1,24.354331348242688,1,24.354331348242688,1,0.0,0,component,0.1
kodim20,-3.0,27.0727558107296,1,0.0,0,24.275096922981415,1,27.354684944449637,1,27.354684944449637,1,27.354684944449637,1,0.0,0,component,0.1
kodim20,-2.5,28.189353649984447,1,0.0,0,27.781636471081196,1,27.533776951175504,1,0.0,0,0.0,0,0.0,0,component,0.1
kodim20,-2.0,28.518455258792123,1,27.743353323498777,1,28.571247885628893,1,28.844667332338197,1,28.844667332338197,1,28.844667332338197,1,0.0,0,component,0.1
kodim20,-1.5,29.626969336831404,1,28.738897525664513,1,29.34098313784915,1,28.207662254901507,1,28.207662254901507,1,0.0,0,0.0,0,component,0.1
kodim20,-1.0,29.45489538205163,1,30.096699868924336,1,30.099082715325743,1,30.028562516310522,1,30.028562516310522,1,30.028562516310522,1,0.0,0,component,0.1
kodim20,-0.5,30.417143358754778,1,30.673484020231218,1,30.83142784005446,1,30.649416947286944,1,30.649416947286944,1,30.649416947286944,1,0.0,0,component,0.1
kodim20,0.0,31.31495811551555,1,31.35804203734541,1,31.15678168911108,1,31.45796765639654,1,31.45796765639654,1,31.45796765639654,1,0.0,0,component,0.1
kodim20,0.5,31.871122722175954,1,31.36228284170781,1,27.814454154754095,1,31.881388721533966,1,31.881388721533966,1,31.881388721533966,1,0.0,0,component,0.1
kodim20,1.0,32.26651323724813,1,32.25730508672374,1,32.23807564125396,1,32.089192185936824,1,32.089192185936824,1,32.089192185936824,1,0.0,0,component,0.1
kodim20,1.5,32.49103759637227,1,32.49785956906657,1,32.59955764488082,1,32.43319901155857,1,32.43319901155857,1,32.43319901155857,1,0.0,0,component,0.1
kodim20,2.0,32.914534218747164,1,32.82224940305448,1,32.66615317598339,1,32.85023428363028,1,32.85023428363028,1,32.85023428363028,1,0.0,0,component,0.1
kodim20,2.5,33.12492025371186,1,33.068405869898456,1,33.1523979108644,1,33.17564444695691,1,33.17564444695691,1,33.17564444695691,1,0.0,0,component,0.1
kodim20,3.0,33.26712635934553,1,33.33524179100816,1,33.41721585205918,1,33.2863567253691,1,33.2863567253691,1,33.2863567253691,1,0.0,0,component,0.1
kodim20,3.5,33.386654303231694,1,33.617007623631984,1,33.58341626731636,1,33.58867565366623,1,33.58867565366623,1,33.58867565366623,1,0.0,0,component,0.1
kodim20,4.0,33.76163096974886,1,33.68067724772863,1,33.827146488393446,1,33.86080055281666,1,33.86080055281666,1,33.86080055281666,1,0.0,0,component,0.1
kodim23,-12.0,12.340301781667796,1,0.0,0,12.456895464098292,1,12.748071901975306,1,12.748071901975306,1,12.748071901975306,1,12.748071901975306,1,component,0.1
kodim23,-11.5,12.709513879688974,1,0.0,0,12.983934655006554,1,12.63734738987133,1,12.63734738987133,1,12.63734738987133,1,0.0,0,component,0.1
kodim23,-11.0,13.521008288696116,1,0.0,0,13.20972111923302,1,13.677058857779201,1,13.677058857779201,1,13.677058857779201,1,0.0,0,component,0.1
kodim23,-10.5,13.695337437210398,1,0.0,0,13.721864193597353,1,13.790802562991885,1,13.790802562991885,1,13.790802562991885,1,0.0,0,component,0.1
kodim23,-10.0,14.101491974210346,1,0.0,0,15.678292666363078,1,14.582197710956263,1,14.582197710956263,1,0.0,0,0.0,0,component,0.1
kodim23,-9.5,15.346257541255978,1,0.0,0,15.061918170067973,1,15.134803349002802,1,15.134803349002802,1,15.134803349002802,1,0.0,0,component,0.1
kodim23,-9.0,16.21057974909043,1,0.0,0,15.712850742611133,1,15.56696459984179,1,15.56696459984179,1,0.0,0,0.0,0,component,0.1
kodim23,-8.5,16.413323285359198,1,0.0,0,16.69559824249538,1,16.855535507755384,1,16.855535507755384,1,16.855535507755384,1,0.0,0,component,0.1
kodim23,-8.0,17.722211707880238,1,0.0,0,16.825079230053536,1,15.764752139908019,1,15.764752139908019,1,0.0,0,0.0,0,component,0.1
kodim23,-7.5,17.666462880236054,1,0.0,0,18.44457480610594,1,17.751302375034516,1,17.751302375034516,1,17.751302375034516,1,0.0,0,component,0.1
kodim23,-7.0,19.111713980906387,1,0.0,0,16.899690628050724,1,18.514562924541355,1,18.514562924541355,1,18.514562924541355,1,0.0,0,component,0.1
kodim23,-6.5,19.870213438870877,1,0.0,0,17.04052498386924,1,18.609170141395463,1,18.609170141395463,1,18.609170141395463,1,0.0,0,component,0.1
kodim23,-6.0,17.794435316392267,1,0.0,0,18.901273397613128,1,20.381779686033905,1,20.381779686033905,1,20.381779686033905,1,0.0,0,component,0.1
kodim23,-5.5,21.678446890663928,1,0.0,0,21.747537719795673,1,19.71579944782317,1,19.71579944782317,1,19.71579944782317,1,0.0,0,component,0.1
kodim23,-5.0,22.68347262354422,1,0.0,0,22.560471309654943,1,22.806813457130943,1,22.806813457130943,1,22.806813457130943,1,22.806813457130943,1,component,0.1
kodim23,-4.5,23.67555334664305,1,0.0,0,21.680661639214897,1,22.54777343808186,1,22.54777343808186,1,22.54777343808186,1,22.54777343808186,1,component,0.1
kodim23,-4.0,23.20315275891179,1,0.0,0,22.875672299763245,1,26.151956850956324,1,26.151956850956324,1,26.151956850956324,1,26.151956850956324,1,component,0.1
kodim23,-3.5,24.288308670744684,1,0.0,0,23.810779203631363,1,26.103715770563532,1,26.103715770563532,1,26.103715770563532,1,0.0,0,component,0.1
kodim23,-3.0,27.019388948768142,1,0.0,0,27.338224053177022,1,26.431583007365035,1,26.431583007365035,1,26.431583007365035,1,26.431583007365035,1,component,0.1
kodim23,-2.5,28.89459778101343,1,0.0,0,28.8410570333625,1,28.300286216352788,1,28.300286216352788,1,28.300286216352788,1,28.300286216352788,1,component,0.1
kodim23,-2.0,26.824853759593882,1,29.11457564438258,1,29.544355641886284,1,29.553479816846785,1,29.553479816846785,1,29.553479816846785,1,29.553479816846785,1,component,0.1
kodim23,-1.5,29.682338550189087,1,30.466375739299963,1,30.559597645423846,1,30.090675674329617,1,30.090675674329617,1,30.090675674329617,1,30.090675674329617,1,component,0.1
kodim23,-1.0,31.24061115128883,1,30.948318975388403,1,29.341184271073505,1,29.916021731325113,1,29.916021731325113,1,29.916021731325113,1,29.916021731325113,1,component,0.1
kodim23,-0.5,32.15318925823755,1,31.6762657722892,1,31.291363010279873,1,31.489800581931178,1,31.489800581931178,1,31.489800581931178,1,31.489800581931178,1,component,0.1
kodim23,0.0,32.0614067716925,1,31.148472039773665,1,32.33411601511959,1,32.211580170475884,1,32.211580170475884,1,32.211580170475884,1,32.211580170475884,1,component,0.1
kodim23,0.5,32.36665511724483,1,32.50536736006927,1,33.199503756486166,1,33.22124285017937,1,33.22124285017937,1,33.22124285017937,1,33.22124285017937,1,component,0.1
kodim23,1.0,33.512800527887094,1,33.63196861093793,1,33.1956777851991,1,33.616156847282916,1,33.616156847282916,1,33.616156847282916,1,33.616156847282916,1,component,0.1
kodim23,1.5,33.87249615886808,1,34.003452594073245,1,34.0699752866032,1,33.87693157646006,1,33.87693157646006,1,33.87693157646006,1,33.87693157646006,1,component,0.1
kodim23,2.0,34.37828371888084,1,34.415052835701935,1,34.32961558116914,1,34.353836010162276,1,34.353836010162276,1,34.353836010162276,1,34.353836010162276,1,component,0.1
kodim23,2.5,34.713467764311645,1,34.528961299230126,1,34.82280197012051,1,34.67520361685312,1,34.67520361685312,1,34.67520361685312,1,34.67520361685312,1,component,0.1
kodim23,3.0,34.93791372277246,1,35.04852603459694,1,35.00459950971112,1,35.12212452532769,1,35.12212452532769,1,35.12212452532769,1,35.12212452532769,1,component,0.1
kodim23,3.5,35.29085231263091,1,35.2064842603409,1,35.34032725330689,1,35.28009041672912,1,35.28009041672912,1,35.28009041672912,1,35.28009041672912,1,component,0.1
kodim23,4.0,35.60647039620835,1,35.55095299959551,1,35.64905142826098,1,35.57929205046819,1,35.57929205046819,1,35.57929205046819,1,35.57929205046819,1,component,0.1
kodim24,-12.0,9.094926563428832,1,0.0,0,9.129639163752936,1,9.048963336180476,1,0.0,0,9.048963336180476,1,0.0,0,component,0.1
kodim24,-11.5,9.253112399168415,1,0.0,0,9.240034654853446,1,9.209521238375709,1,9.209521238375709,1,0.0,0,9.209521238375709,1,component,0.1
kodim24,-11.0,9.27145722917247,1,0.0,0,9.622827786089099,1,9.527486010276768,1,9.527486010276768,1,9.527486010276768,1,0.0,0,component,0.1
kodim24,-10.5,9.73436311592489,1,0.0,0,9.843004249974651,1,0.0,0,9.903060417441964,1,0.0,0,9.903060417441964,1,component,0.1
kodim24,-10.0,10.157354735828761,1,0.0,0,10.088707216729889,1,10.151329405729864,1,10.151329405729864,1,0.0,0,0.0,0,component,0.1
kodim24,-9.5,10.486797780661078,1,0.0,0,10.577617042582968,1,0.0,0,10.474931035477184,1,10.474931035477184,1,10.474931035477184,1,component,0.1
kodim24,-9.0,10.855194525620902,1,0.0,0,11.12437006657329,1,11.103035873032528,1,0.0,0,0.0,0,0.0,0,component,0.1
kodim24,-8.5,11.3551374868006,1,0.0,0,11.577650254006498,1,11.298650422061607,1,0.0,0,0.0,0,11.298650422061607,1,component,0.1
kodim24,-8.0,12.100961509997035,1,0.0,0,12.047601742110496,1,12.018579623002765,1,12.018579623002765,1,12.018579623002765,1,0.0,0,component,0.1
kodim24,-7.5,12.730656374398068,1,0.0,0,12.808151457729354,1,0.0,0,12.486346673099536,1,12.486346673099536,1,12.486346673099536,1,component,0.1
kodim24,-7.0,13.139795968353589,1,0.0,0,13.210570860212831,1,0.0,0,13.345948655447874,1,13.345948655447874,1,0.0,0,component,0.1
kodim24,-6.5,13.859236397062904,1,0.0,0,13.866637226431994,1,0.0,0,14.106288192941935,1,14.106288192941935,1,0.0,0,component,0.1
kodim24,-6.0,14.58849511916073,1,0.0,0,14.876628920091491,1,0.0,0,14.672041110075785,1,14.672041110075785,1,0.0,0,component,0.1
kodim24,-5.5,14.357359994862186,1,0.0,0,15.05293824579525,1,15.571969887421579,1,15.571969887421579,1,15.571969887421579,1,0.0,0,component,0.1
kodim24,-5.0,15.715021947848735,1,0.0,0,15.876421722779972,1,15.877657344447416,1,15.877657344447416,1,15.877657344447416,1,0.0,0,component,0.1
kodim24,-4.5,16.637112497263626,1,0.0,0,16.71287926591757,1,15.673475849891503,1,15.673475849891503,1,15.673475849891503,1,0.0,0,component,0.1
kodim24,-4.0,15.808838030825447,1,0.0,0,17.37241697767199,1,17.839002192870442,1,17.839002192870442,1,17.839002192870442,1,0.0,0,component,0.1
kodim24,-3.5,18.32931025084096,1,0.0,0,18.143521411933186,1,17.506374111544204,1,17.506374111544204,1,17.506374111544204,1,0.0,0,component,0.1
kodim24,-3.0,18.280858451815845,1,0.0,0,18.635024787377343,1,19.620551971334457,1,19.620551971334457,1,19.620551971334457,1,0.0,0,component,0.1
kodim24,-2.5,19.98423184470922,1,0.0,0,19.818421004548533,1,19.79862711407457,1,19.79862711407457,1,19.79862711407457,1,0.0,0,component,0.1
kodim24,-2.0,20.233533303601053,1,20.112409466115903,1,19.585388203821424,1,19.67169258829209,1,19.67169258829209,1,19.67169258829209,1,0.0,0,component,0.1
kodim24,-1.5,20.813224739206333,1,20.987679422309146,1,20.816974311544758,1,21.187190121860734,1,21.187190121860734,1,21.187190121860734,1,0.0,0,component,0.1
kodim24,-1.0,21.905774038625204,1,22.195858207168342,1,21.67361819636149,1,20.586168009626014,1,20.586168009626014,1,20.586168009626014,1,0.0,0,component,0.1
kodim24,-0.5,22.509067070559986,1,22.33835878725977,1,22.17914459777356,1,21.8194878831751,1,21.8194878831751,1,21.8194878831751,1,0.0,0,component,0.1
kodim24,0.0,23.02038098212269,1,23.029058895547962,1,23.22269607027538,1,23.69639486806951,1,23.69639486806951,1,23.69639486806951,1,0.0,0,component,0.1
kodim24,0.5,23.92189179239829,1,23.50246368106818,1,22.857329567520146,1,24.19672806432657,1,24.19672806432657,1,24.19672806432657,1,0.0,0,component,0.1
kodim24,1.0,24.466134910344167,1,24.282013110957074,1,24.16380849720417,1,24.24085769722123,1,24.24085769722123,1,24.24085769722123,1,0.0,0,component,0.1
kodim24,1.5,24.978163287825534,1,24.968168775517114,1,24.985529763886014,1,24.52069623860622,1,24.52069623860622,1,24.52069623860622,1,0.0,0,component,0.1
kodim24,2.0,25.20652802117345,1,25.680010748950043,1,25.62147202555796,1,25.489760575340895,1,25.489760575340895,1,25.489760575340895,1,0.0,0,component,0.1
kodim24,2.5,25.8707739437574,1,25.874450918567128,1,26.454442851142282,1,26.338765379088315,1,26.338765379088315,1,26.338765379088315,1,0.0,0,component,0.1
kodim24,3.0,26.653508166607875,1,26.140217304148322,1,27.032051768945653,1,27.01562511219294,1,27.01562511219294,1,27.01562511219294,1,0.0,0,component,0.1
kodim24,3.5,27.268508622599267,1,26.570141430601097,1,27.37216271472919,1,27.013535218072068,1,27.013535218072068,1,27.013535218072068,1,0.0,0,component,0.1
kodim24,4.0,27.476553350487652,1,27.528044092436048,1,27.68303535348452,1,27.67033698058404,1,27.67033698058404,1,27.67033698058404,1,0.0,0,component,0.1
